timestamp,heart_rate,activity_level,alert
2023-01-01 00:00:00,62.483570765056164,low,0
2023-01-01 00:01:00,59.308678494144075,low,0
2023-01-01 00:02:00,63.23844269050346,medium,0
2023-01-01 00:03:00,67.61514928204012,medium,0
2023-01-01 00:04:00,58.82923312638332,low,0
2023-01-01 00:05:00,58.8293152152541,high,0
2023-01-01 00:06:00,67.89606407753696,low,0
2023-01-01 00:07:00,63.837173645764544,medium,0
2023-01-01 00:08:00,57.65262807032524,medium,0
2023-01-01 00:09:00,62.712800217929825,high,0
2023-01-01 00:10:00,57.68291153593769,medium,0
2023-01-01 00:11:00,57.671351232148716,high,0
2023-01-01 00:12:00,61.20981135783017,low,0
2023-01-01 00:13:00,50.43359877671101,high,0
2023-01-01 00:14:00,51.375410837434835,low,0
2023-01-01 00:15:00,57.188562353795135,high,0
2023-01-01 00:16:00,54.93584439832788,medium,0
2023-01-01 00:17:00,61.57123666297637,high,0
2023-01-01 00:18:00,55.45987962239394,low,0
2023-01-01 00:19:00,52.93848149332354,medium,0
2023-01-01 00:20:00,67.32824384460777,medium,0
2023-01-01 00:21:00,58.87111849756732,medium,0
2023-01-01 00:22:00,60.337641023439616,low,0
2023-01-01 00:23:00,52.87625906893272,low,0
2023-01-01 00:24:00,57.27808637737409,low,0
2023-01-01 00:25:00,60.554612948549334,low,0
2023-01-01 00:26:00,54.24503211288849,high,0
2023-01-01 00:27:00,61.87849009172836,low,0
2023-01-01 00:28:00,56.99680655040598,high,0
2023-01-01 00:29:00,58.54153125103362,low,0
2023-01-01 00:30:00,56.991466938853016,low,0
2023-01-01 00:31:00,69.26139092254469,medium,0
2023-01-01 00:32:00,59.93251387631033,medium,0
2023-01-01 00:33:00,54.7114453552205,low,0
2023-01-01 00:34:00,64.11272456051594,medium,0
2023-01-01 00:35:00,53.89578175014489,medium,0
2023-01-01 00:36:00,61.04431797502378,low,0
2023-01-01 00:37:00,50.201649380601125,high,0
2023-01-01 00:38:00,53.359069755507846,high,0
2023-01-01 00:39:00,60.984306179345616,medium,0
2023-01-01 00:40:00,63.69233289997705,low,0
2023-01-01 00:41:00,60.85684140594985,medium,0
2023-01-01 00:42:00,59.4217585880588,low,0
2023-01-01 00:43:00,58.494481522053555,low,0
2023-01-01 00:44:00,52.60739004816286,low,0
2023-01-01 00:45:00,56.40077895802646,low,0
2023-01-01 00:46:00,57.696806145201066,high,0
2023-01-01 00:47:00,65.28561113109458,medium,0
2023-01-01 00:48:00,61.718091447842305,medium,0
2023-01-01 00:49:00,51.18479922318633,low,0
2023-01-01 00:50:00,61.620419846973974,low,0
2023-01-01 00:51:00,58.07458859791842,low,0
2023-01-01 00:52:00,56.61538999847021,high,0
2023-01-01 00:53:00,63.058381444204336,low,0
2023-01-01 00:54:00,65.15499761247976,high,0
2023-01-01 00:55:00,64.65640059558099,medium,0
2023-01-01 00:56:00,55.80391238388681,low,0
2023-01-01 00:57:00,58.45393812074393,medium,0
2023-01-01 00:58:00,61.65631715701782,low,0
2023-01-01 00:59:00,64.8777256356118,high,0
2023-01-01 01:00:00,57.60412881077355,high,0
2023-01-01 01:01:00,59.07170511668092,low,0
2023-01-01 01:02:00,54.468325129969855,low,0
2023-01-01 01:03:00,54.01896687959665,medium,0
2023-01-01 01:04:00,64.06262911197099,high,0
2023-01-01 01:05:00,66.78120014285412,low,0
2023-01-01 01:06:00,59.63994939209833,medium,0
2023-01-01 01:07:00,65.01766448946012,medium,0
2023-01-01 01:08:00,61.808180125238174,medium,0
2023-01-01 01:09:00,56.774401226974376,low,0
2023-01-01 01:10:00,61.80697802754207,medium,0
2023-01-01 01:11:00,67.69018283232984,high,0
2023-01-01 01:12:00,59.82086980445024,low,0
2023-01-01 01:13:00,67.82321827907003,low,0
2023-01-01 01:14:00,46.901274479551276,high,0
2023-01-01 01:15:00,64.10951252187611,low,0
2023-01-01 01:16:00,60.435235341190854,high,0
2023-01-01 01:17:00,58.50496324767066,low,0
2023-01-01 01:18:00,60.458803882677515,low,0
2023-01-01 01:19:00,50.06215542699554,high,0
2023-01-01 01:20:00,58.90164056081244,low,0
2023-01-01 01:21:00,61.78556285755873,medium,0
2023-01-01 01:22:00,67.38947022370758,low,0
2023-01-01 01:23:00,57.40864890863176,medium,0
2023-01-01 01:24:00,55.95753198553406,low,0
2023-01-01 01:25:00,57.491214782077314,low,0
2023-01-01 01:26:00,64.57701058851038,high,0
2023-01-01 01:27:00,61.64375554829842,low,0
2023-01-01 01:28:00,57.351198981164806,medium,0
2023-01-01 01:29:00,62.56633716556678,low,0
2023-01-01 01:30:00,60.4853877467402,medium,0
2023-01-01 01:31:00,64.84322495266444,low,0
2023-01-01 01:32:00,56.48973453061324,high,0
2023-01-01 01:33:00,58.36168926701116,low,0
2023-01-01 01:34:00,58.03945923433921,low,0
2023-01-01 01:35:00,52.68242525933941,low,0
2023-01-01 01:36:00,61.48060138532288,low,0
2023-01-01 01:37:00,61.30527636089945,medium,0
2023-01-01 01:38:00,60.025567283212304,low,0
2023-01-01 01:39:00,58.82706433312426,high,0
2023-01-01 01:40:00,52.923146289747926,low,0
2023-01-01 01:41:00,57.89677338617321,low,0
2023-01-01 01:42:00,58.286427417366156,medium,0
2023-01-01 01:43:00,55.9886136538919,medium,0
2023-01-01 01:44:00,59.19357144166995,low,0
2023-01-01 01:45:00,62.02025428407269,low,0
2023-01-01 01:46:00,69.43092950605265,low,0
2023-01-01 01:47:00,60.872889064159196,medium,0
2023-01-01 01:48:00,61.28775195361382,medium,0
2023-01-01 01:49:00,59.62777042116917,low,0
2023-01-01 01:50:00,50.40614392350479,high,0
2023-01-01 01:51:00,59.867430622753915,high,0
2023-01-01 01:52:00,60.30115104970513,medium,0
2023-01-01 01:53:00,72.31621056242643,high,1
2023-01-01 01:54:00,59.03819517609439,low,0
2023-01-01 01:55:00,61.50773671166806,low,0
2023-01-01 01:56:00,59.82644115147378,low,0
2023-01-01 01:57:00,54.15660981190234,low,0
2023-01-01 01:58:00,65.7141140725751,medium,0
2023-01-01 01:59:00,63.75966516343387,high,0
2023-01-01 02:00:00,63.95515973521523,low,0
2023-01-01 02:01:00,55.4530627260263,low,0
2023-01-01 02:02:00,67.0139715546805,low,0
2023-01-01 02:03:00,52.990744686038596,high,0
2023-01-01 02:04:00,62.93428546900135,low,0
2023-01-01 02:05:00,70.95227812904989,medium,0
2023-01-01 02:06:00,55.04731837434656,low,0
2023-01-01 02:07:00,57.16851135198614,low,0
2023-01-01 02:08:00,60.498256825438204,high,0
2023-01-01 02:09:00,57.482621729419,high,0
2023-01-01 02:10:00,52.24668284466934,low,0
2023-01-01 02:11:00,60.34281487403014,high,0
2023-01-01 02:12:00,54.688481431369475,medium,0
2023-01-01 02:13:00,62.36796215317591,high,0
2023-01-01 02:14:00,55.402878828830985,low,0
2023-01-01 02:15:00,67.7496720250877,medium,0
2023-01-01 02:16:00,56.08373353831882,low,0
2023-01-01 02:17:00,58.38969241897162,medium,0
2023-01-01 02:18:00,64.06758608684835,low,0
2023-01-01 02:19:00,53.84567841783022,low,0
2023-01-01 02:20:00,61.13729967302065,low,0
2023-01-01 02:21:00,66.53571377141213,medium,0
2023-01-01 02:22:00,51.96258382719386,low,0
2023-01-01 02:23:00,60.92316929266152,medium,0
2023-01-01 02:24:00,61.29941397124212,high,0
2023-01-01 02:25:00,63.909114358886555,low,0
2023-01-01 02:26:00,53.81524644560959,medium,0
2023-01-01 02:27:00,53.39771693457862,low,0
2023-01-01 02:28:00,62.60970782808449,high,0
2023-01-01 02:29:00,61.48492336616593,low,0
2023-01-01 02:30:00,61.252464251729386,medium,0
2023-01-01 02:31:00,61.73224104748488,high,0
2023-01-01 02:32:00,56.59987639210755,high,0
2023-01-01 02:33:00,61.16126848580502,medium,0
2023-01-01 02:34:00,61.46536236649341,low,0
2023-01-01 02:35:00,56.42824290986816,medium,0
2023-01-01 02:36:00,69.32887255572378,high,0
2023-01-01 02:37:00,62.36916460455894,medium,0
2023-01-01 02:38:00,54.04348251398676,low,0
2023-01-01 02:39:00,63.28276804316915,high,0
2023-01-01 02:40:00,55.126591648863396,medium,0
2023-01-01 02:41:00,63.93542301871226,medium,0
2023-01-01 02:42:00,65.79297789503703,low,0
2023-01-01 02:43:00,55.89658840824145,medium,0
2023-01-01 02:44:00,64.8168806462216,low,0
2023-01-01 02:45:00,62.063904634682494,medium,0
2023-01-01 02:46:00,64.11030079997245,low,0
2023-01-01 02:47:00,69.48396491326974,medium,0
2023-01-01 02:48:00,58.77305941998565,high,0
2023-01-01 02:49:00,56.23131917821255,low,0
2023-01-01 02:50:00,55.55242785187238,high,0
2023-01-01 02:51:00,55.92094857517281,low,0
2023-01-01 02:52:00,59.61449145292948,high,0
2023-01-01 02:53:00,61.70575987408322,medium,0
2023-01-01 02:54:00,61.3834539966501,medium,0
2023-01-01 02:55:00,64.13591624518011,medium,0
2023-01-01 02:56:00,60.065009459389536,high,0
2023-01-01 02:57:00,67.26767038578659,low,0
2023-01-01 02:58:00,58.67671583381022,low,0
2023-01-01 02:59:00,73.6008458329481,medium,0
2023-01-01 03:00:00,63.128336738825034,high,0
2023-01-01 03:01:00,55.714212217918586,medium,0
2023-01-01 03:02:00,54.645537509694435,medium,0
2023-01-01 03:03:00,62.41236207621593,low,0
2023-01-01 03:04:00,58.88268607337075,high,0
2023-01-01 03:05:00,63.57000247046046,low,0
2023-01-01 03:06:00,62.366188122867726,medium,0
2023-01-01 03:07:00,59.63585543671564,low,0
2023-01-01 03:08:00,55.76603140965798,low,0
2023-01-01 03:09:00,52.42576387657068,low,0
2023-01-01 03:10:00,57.767425239664895,low,0
2023-01-01 03:11:00,64.28199397161737,medium,0
2023-01-01 03:12:00,61.07046872065102,low,0
2023-01-01 03:13:00,53.77130610644006,low,0
2023-01-01 03:14:00,60.86590462925591,low,0
2023-01-01 03:15:00,61.92658689864418,low,0
2023-01-01 03:16:00,55.580712818994336,low,0
2023-01-01 03:17:00,60.768625529727636,low,0
2023-01-01 03:18:00,60.29104359223,medium,0
2023-01-01 03:19:00,54.28514851084688,medium,0
2023-01-01 03:20:00,61.788936801741414,medium,0
2023-01-01 03:21:00,62.803922631841175,low,0
2023-01-01 03:22:00,65.41525621587638,low,0
2023-01-01 03:23:00,65.26901026017451,high,0
2023-01-01 03:24:00,53.111653160214544,medium,0
2023-01-01 03:25:00,55.310874800424386,low,0
2023-01-01 03:26:00,62.5751763360433,low,0
2023-01-01 03:27:00,62.56892975456105,low,0
2023-01-01 03:28:00,62.57523843153024,low,0
2023-01-01 03:29:00,79.26365745327361,low,0
2023-01-01 03:30:00,62.85445255346583,medium,0
2023-01-01 03:31:00,65.677828200903,medium,0
2023-01-01 03:32:00,64.770008817466,medium,0
2023-01-01 03:33:00,63.25695625652899,medium,0
2023-01-01 03:34:00,58.423653776798275,high,0
2023-01-01 03:35:00,63.79484610246634,medium,0
2023-01-01 03:36:00,56.13587392731214,high,0
2023-01-01 03:37:00,58.815906966299956,low,0
2023-01-01 03:38:00,57.57318226085448,low,0
2023-01-01 03:39:00,60.40937069693161,low,0
2023-01-01 03:40:00,71.57329283336755,medium,0
2023-01-01 03:41:00,50.66367403704126,high,0
2023-01-01 03:42:00,63.431300951872565,low,0
2023-01-01 03:43:00,51.93642064405174,high,0
2023-01-01 03:44:00,57.64034067105283,low,0
2023-01-01 03:45:00,65.44475298483682,high,0
2023-01-01 03:46:00,60.321400095477316,low,0
2023-01-01 03:47:00,54.61127611035347,low,0
2023-01-01 03:48:00,56.42348145370016,low,0
2023-01-01 03:49:00,63.39798874467338,low,0
2023-01-01 03:50:00,56.34816684141432,low,0
2023-01-01 03:51:00,61.08229294790988,low,0
2023-01-01 03:52:00,60.22785919951907,high,0
2023-01-01 03:53:00,56.74199826197091,medium,0
2023-01-01 03:54:00,70.71972044662662,low,0
2023-01-01 03:55:00,63.169595111590056,medium,0
2023-01-01 03:56:00,49.874287066711965,medium,0
2023-01-01 03:57:00,60.93227157384714,low,0
2023-01-01 03:58:00,56.69106767615806,low,0
2023-01-01 03:59:00,64.26216667398111,low,0
2023-01-01 04:00:00,56.037396307836495,low,0
2023-01-01 04:01:00,59.42631779266551,medium,0
2023-01-01 04:02:00,62.524936394902284,low,0
2023-01-01 04:03:00,64.32877597085061,medium,0
2023-01-01 04:04:00,53.99851796472112,medium,0
2023-01-01 04:05:00,58.327493820795254,low,0
2023-01-01 04:06:00,57.625273444195216,medium,0
2023-01-01 04:07:00,56.73335383713144,low,0
2023-01-01 04:08:00,68.82727120140548,high,0
2023-01-01 04:09:00,62.024908554804774,low,0
2023-01-01 04:10:00,53.69558022832477,high,0
2023-01-01 04:11:00,64.58930973527389,medium,0
2023-01-01 04:12:00,70.61078098506317,low,0
2023-01-01 04:13:00,65.16232630275573,medium,0
2023-01-01 04:14:00,52.403150170229935,high,0
2023-01-01 04:15:00,57.57882963566874,medium,0
2023-01-01 04:16:00,66.33455574593312,high,0
2023-01-01 04:17:00,56.461652671906094,high,0
2023-01-01 04:18:00,62.219097140731144,low,0
2023-01-01 04:19:00,63.87317026714668,low,0
2023-01-01 04:20:00,55.36534764210958,medium,0
2023-01-01 04:21:00,59.702373219691,low,0
2023-01-01 04:22:00,43.79366329965464,high,0
2023-01-01 04:23:00,54.87806179332855,high,0
2023-01-01 04:24:00,58.7371592430342,low,0
2023-01-01 04:25:00,53.76108409017575,low,0
2023-01-01 04:26:00,68.16205651965818,medium,0
2023-01-01 04:27:00,52.84929311019684,low,0
2023-01-01 04:28:00,57.79977756651508,high,0
2023-01-01 04:29:00,60.65370288643046,low,0
2023-01-01 04:30:00,67.20636644533057,medium,0
2023-01-01 04:31:00,52.8206892441028,low,0
2023-01-01 04:32:00,65.8158187607748,medium,0
2023-01-01 04:33:00,60.05116530509793,low,0
2023-01-01 04:34:00,55.09245674476024,medium,0
2023-01-01 04:35:00,62.31051737131635,low,0
2023-01-01 04:36:00,60.99529847786735,medium,0
2023-01-01 04:37:00,56.99891561420603,high,0
2023-01-01 04:38:00,60.349010424950094,low,0
2023-01-01 04:39:00,58.073432015691196,low,0
2023-01-01 04:40:00,60.56758672625624,low,0
2023-01-01 04:41:00,63.31065337260523,medium,0
2023-01-01 04:42:00,67.93008408072676,medium,0
2023-01-01 04:43:00,53.810922505865754,medium,0
2023-01-01 04:44:00,70.66516687328134,low,0
2023-01-01 04:45:00,50.23956100238749,low,0
2023-01-01 04:46:00,59.24107452482208,medium,0
2023-01-01 04:47:00,62.94158603242288,low,0
2023-01-01 04:48:00,61.40495933867516,high,0
2023-01-01 04:49:00,56.88650240089703,low,0
2023-01-01 04:50:00,58.95938874821363,medium,0
2023-01-01 04:51:00,57.53499532670584,low,0
2023-01-01 04:52:00,57.053176215278945,low,0
2023-01-01 04:53:00,64.24801048510513,medium,0
2023-01-01 04:54:00,61.785077429825236,medium,0
2023-01-01 04:55:00,56.53545202369673,high,0
2023-01-01 04:56:00,64.49799937716625,low,0
2023-01-01 04:57:00,61.536497604383044,low,0
2023-01-01 04:58:00,64.06431059419481,medium,0
2023-01-01 04:59:00,63.14814420961806,medium,0
2023-01-01 05:00:00,55.85502494538964,low,0
2023-01-01 05:01:00,57.19909479901515,low,0
2023-01-01 05:02:00,63.73646802561631,low,0
2023-01-01 05:03:00,63.05185132716733,high,0
2023-01-01 05:04:00,59.89549203017926,low,0
2023-01-01 05:05:00,60.58663691654391,low,0
2023-01-01 05:06:00,66.38832447894212,low,0
2023-01-01 05:07:00,57.04214305582085,low,0
2023-01-01 05:08:00,62.73548690585019,low,0
2023-01-01 05:09:00,58.98903673783053,medium,0
2023-01-01 05:10:00,58.911593983863895,low,0
2023-01-01 05:11:00,65.49388425993595,high,0
2023-01-01 05:12:00,64.12708174494014,low,0
2023-01-01 05:13:00,64.06754818000319,medium,0
2023-01-01 05:14:00,66.52739403577165,high,0
2023-01-01 05:15:00,60.105019208163796,medium,0
2023-01-01 05:16:00,63.40976485647482,medium,0
2023-01-01 05:17:00,58.44866621703272,low,0
2023-01-01 05:18:00,61.62083176244221,low,0
2023-01-01 05:19:00,59.34928472816158,medium,0
2023-01-01 05:20:00,60.48497982496359,high,0
2023-01-01 05:21:00,62.975785127184565,medium,0
2023-01-01 05:22:00,55.908896583832636,medium,0
2023-01-01 05:23:00,70.4619363784273,medium,0
2023-01-01 05:24:00,54.96991309250149,low,0
2023-01-01 05:25:00,53.92905693606134,low,0
2023-01-01 05:26:00,65.79055436750033,medium,0
2023-01-01 05:27:00,63.95831346981468,high,0
2023-01-01 05:28:00,63.12059908526078,low,0
2023-01-01 05:29:00,63.1417275463214,medium,0
2023-01-01 05:30:00,59.93876613576543,low,0
2023-01-01 05:31:00,55.51372814257084,medium,0
2023-01-01 05:32:00,60.379022790968634,low,0
2023-01-01 05:33:00,56.61419144243944,low,0
2023-01-01 05:34:00,64.87559866708875,medium,0
2023-01-01 05:35:00,59.26471309248931,low,0
2023-01-01 05:36:00,55.87251401603744,medium,0
2023-01-01 05:37:00,58.393070791735035,medium,0
2023-01-01 05:38:00,62.064657271378124,high,0
2023-01-01 05:39:00,57.18137723598013,low,0
2023-01-01 05:40:00,55.888898022167844,low,0
2023-01-01 05:41:00,61.21843605745956,low,0
2023-01-01 05:42:00,61.22483285554361,high,0
2023-01-01 05:43:00,57.46528412314435,high,0
2023-01-01 05:44:00,57.644808471908384,medium,0
2023-01-01 05:45:00,61.160249686788184,high,0
2023-01-01 05:46:00,52.75957829251338,medium,0
2023-01-01 05:47:00,52.962681128117225,medium,0
2023-01-01 05:48:00,56.40777889373782,low,0
2023-01-01 05:49:00,58.932764241440765,medium,0
2023-01-01 05:50:00,61.554537827990025,low,0
2023-01-01 05:51:00,67.37678108474776,high,0
2023-01-01 05:52:00,64.2882981160101,medium,0
2023-01-01 05:53:00,59.20030735018287,medium,0
2023-01-01 05:54:00,59.904918960486555,low,0
2023-01-01 05:55:00,54.987353176810956,low,0
2023-01-01 05:56:00,59.90743432003805,low,0
2023-01-01 05:57:00,58.55670680539931,low,0
2023-01-01 05:58:00,61.613592801690444,low,0
2023-01-01 05:59:00,55.86384528223839,high,0
2023-01-01 06:00:00,62.59673257120586,medium,0
2023-01-01 06:01:00,67.66369456501289,low,0
2023-01-01 06:02:00,59.45619925771571,low,0
2023-01-01 06:03:00,62.00855861049471,low,0
2023-01-01 06:04:00,63.45071995855556,medium,0
2023-01-01 06:05:00,57.99389764057082,medium,0
2023-01-01 06:06:00,61.12046240905208,high,0
2023-01-01 06:07:00,60.06296200390897,low,0
2023-01-01 06:08:00,60.488380492744156,high,0
2023-01-01 06:09:00,56.134951080722665,high,0
2023-01-01 06:10:00,60.12255087129471,low,0
2023-01-01 06:11:00,62.48999145622725,high,0
2023-01-01 06:12:00,67.2557180389752,low,0
2023-01-01 06:13:00,64.79635413042604,high,0
2023-01-01 06:14:00,70.76591228755778,low,0
2023-01-01 06:15:00,56.16326218555975,high,0
2023-01-01 06:16:00,64.36160318360339,high,0
2023-01-01 06:17:00,60.91671002869176,high,0
2023-01-01 06:18:00,70.94901466608836,medium,0
2023-01-01 06:19:00,55.95850857322424,low,0
2023-01-01 06:20:00,55.80139078909612,low,0
2023-01-01 06:21:00,57.003036772779886,low,0
2023-01-01 06:22:00,49.380521378450965,low,0
2023-01-01 06:23:00,57.37122489159619,medium,0
2023-01-01 06:24:00,56.20433669223151,low,0
2023-01-01 06:25:00,60.75196893238104,high,0
2023-01-01 06:26:00,61.7087798788858,medium,0
2023-01-01 06:27:00,69.38085419607943,high,0
2023-01-01 06:28:00,64.75211919093024,low,0
2023-01-01 06:29:00,57.115481721687985,high,0
2023-01-01 06:30:00,55.50792664325821,high,0
2023-01-01 06:31:00,62.45959585753253,low,0
2023-01-01 06:32:00,53.39883396489679,medium,0
2023-01-01 06:33:00,69.15729382927177,medium,0
2023-01-01 06:34:00,65.89720060360644,low,0
2023-01-01 06:35:00,57.65412173947647,medium,0
2023-01-01 06:36:00,51.434327354545616,low,0
2023-01-01 06:37:00,66.76936187082707,low,0
2023-01-01 06:38:00,59.42730077373691,low,0
2023-01-01 06:39:00,66.1890815598673,low,0
2023-01-01 06:40:00,52.02786170602816,low,0
2023-01-01 06:41:00,57.00312488523114,low,0
2023-01-01 06:42:00,60.026218498590914,high,0
2023-01-01 06:43:00,60.23490296882371,medium,0
2023-01-01 06:44:00,57.749672642603784,high,0
2023-01-01 06:45:00,63.114249661737496,low,0
2023-01-01 06:46:00,54.66189785308703,low,0
2023-01-01 06:47:00,59.288102574893536,medium,0
2023-01-01 06:48:00,60.601478158559495,low,0
2023-01-01 06:49:00,62.57219417029374,low,0
2023-01-01 06:50:00,63.558074390444446,medium,0
2023-01-01 06:51:00,54.376789540810655,low,0
2023-01-01 06:52:00,52.329429146321885,medium,0
2023-01-01 06:53:00,66.38838410949255,medium,0
2023-01-01 06:54:00,61.66157005989796,low,0
2023-01-01 06:55:00,56.25756731721723,low,0
2023-01-01 06:56:00,67.75575987761262,medium,0
2023-01-01 06:57:00,60.57837317146429,low,0
2023-01-01 06:58:00,65.89648592031914,low,0
2023-01-01 06:59:00,60.33759240705054,high,0
2023-01-01 07:00:00,70.30373962440993,low,0
2023-01-01 07:01:00,68.77670421221602,medium,0
2023-01-01 07:02:00,58.75517925760463,high,0
2023-01-01 07:03:00,64.85785475477178,low,0
2023-01-01 07:04:00,63.226879747925736,low,0
2023-01-01 07:05:00,66.84315778766174,low,0
2023-01-01 07:06:00,55.17538269709948,low,0
2023-01-01 07:07:00,63.4302572999922,low,0
2023-01-01 07:08:00,65.29212243424794,medium,0
2023-01-01 07:09:00,51.20630256788443,low,0
2023-01-01 07:10:00,54.083707436671126,medium,0
2023-01-01 07:11:00,49.803839111199494,high,0
2023-01-01 07:12:00,58.65296582777721,high,0
2023-01-01 07:13:00,63.58771127897981,medium,0
2023-01-01 07:14:00,67.51178526048014,low,0
2023-01-01 07:15:00,60.37047390209887,medium,0
2023-01-01 07:16:00,68.14307772785646,medium,0
2023-01-01 07:17:00,53.099492708925546,low,0
2023-01-01 07:18:00,51.48308780322422,low,0
2023-01-01 07:19:00,59.722261505516904,high,0
2023-01-01 07:20:00,61.92032724469654,low,0
2023-01-01 07:21:00,59.836526259529535,low,0
2023-01-01 07:22:00,49.66278949980062,low,0
2023-01-01 07:23:00,59.55439980243606,low,0
2023-01-01 07:24:00,53.47765249747573,high,0
2023-01-01 07:25:00,63.348362744150194,medium,0
2023-01-01 07:26:00,61.83299123048424,medium,0
2023-01-01 07:27:00,55.30060106836322,low,0
2023-01-01 07:28:00,57.43066541331653,low,0
2023-01-01 07:29:00,54.703932390555245,low,0
2023-01-01 07:30:00,59.686604513634144,low,0
2023-01-01 07:31:00,64.77571160250619,low,0
2023-01-01 07:32:00,55.071369768322285,medium,0
2023-01-01 07:33:00,62.52023257758922,low,0
2023-01-01 07:34:00,57.348711908137794,medium,0
2023-01-01 07:35:00,56.03563583868828,low,0
2023-01-01 07:36:00,59.46484820022721,low,0
2023-01-01 07:37:00,54.82378838790313,low,0
2023-01-01 07:38:00,57.23175347326409,high,0
2023-01-01 07:39:00,54.010610537055754,high,0
2023-01-01 07:40:00,69.82362566458195,high,0
2023-01-01 07:41:00,60.17631775985864,low,0
2023-01-01 07:42:00,56.501372460037075,low,0
2023-01-01 07:43:00,61.06989955367111,medium,0
2023-01-01 07:44:00,59.43835975154585,low,0
2023-01-01 07:45:00,58.89515200233389,high,0
2023-01-01 07:46:00,63.07083350021713,low,0
2023-01-01 07:47:00,63.787538550236526,low,0
2023-01-01 07:48:00,57.34749426194736,low,0
2023-01-01 07:49:00,57.1209087967766,low,0
2023-01-01 07:50:00,58.62474151424178,medium,0
2023-01-01 07:51:00,48.49039417632208,low,0
2023-01-01 07:52:00,52.42404468900724,low,0
2023-01-01 07:53:00,66.83437133722262,low,0
2023-01-01 07:54:00,68.22483856750642,low,0
2023-01-01 07:55:00,58.75481980221811,medium,0
2023-01-01 07:56:00,62.88278481527883,high,0
2023-01-01 07:57:00,61.55625077271768,high,0
2023-01-01 07:58:00,75.3944040422762,medium,0
2023-01-01 07:59:00,65.59787455717289,low,0
2023-01-01 08:00:00,59.36041204259617,medium,0
2023-01-01 08:01:00,55.22229779699787,low,0
2023-01-01 08:02:00,51.96776839871214,low,0
2023-01-01 08:03:00,61.017318179336115,high,0
2023-01-01 08:04:00,56.21824627357849,low,0
2023-01-01 08:05:00,52.888731452011626,high,0
2023-01-01 08:06:00,56.76713557878737,low,0
2023-01-01 08:07:00,54.592259981928024,medium,0
2023-01-01 08:08:00,68.43570817536282,medium,0
2023-01-01 08:09:00,64.40819878474726,high,0
2023-01-01 08:10:00,59.960136793416915,medium,0
2023-01-01 08:11:00,67.39972069445012,medium,0
2023-01-01 08:12:00,60.386841538238095,low,0
2023-01-01 08:13:00,55.693578993358685,medium,0
2023-01-01 08:14:00,67.61562038634828,low,0
2023-01-01 08:15:00,62.694550218423295,medium,0
2023-01-01 08:16:00,54.81376922836772,medium,0
2023-01-01 08:17:00,59.04830660958196,medium,0
2023-01-01 08:18:00,55.62190873307621,low,0
2023-01-01 08:19:00,53.08600134517832,low,0
2023-01-01 08:20:00,64.63088773765821,medium,0
2023-01-01 08:21:00,69.54708320235065,low,0
2023-01-01 08:22:00,53.00716213090429,low,0
2023-01-01 08:23:00,62.81484618345286,low,0
2023-01-01 08:24:00,56.746787154390866,high,0
2023-01-01 08:25:00,57.56437308117652,medium,0
2023-01-01 08:26:00,57.03803037880566,low,0
2023-01-01 08:27:00,55.68004615160092,low,0
2023-01-01 08:28:00,60.24260813972413,low,0
2023-01-01 08:29:00,55.845249417944814,medium,0
2023-01-01 08:30:00,61.35228412889919,medium,0
2023-01-01 08:31:00,59.748809452754315,low,0
2023-01-01 08:32:00,58.80525976566795,low,0
2023-01-01 08:33:00,55.46218168979201,low,0
2023-01-01 08:34:00,57.116143347158335,medium,0
2023-01-01 08:35:00,63.77695612912878,medium,0
2023-01-01 08:36:00,62.504585938121906,low,0
2023-01-01 08:37:00,55.11222377600724,low,0
2023-01-01 08:38:00,60.49666152714613,low,0
2023-01-01 08:39:00,63.75693561685895,high,0
2023-01-01 08:40:00,51.652973594393146,low,0
2023-01-01 08:41:00,62.71680096189967,medium,0
2023-01-01 08:42:00,56.686881205270765,medium,0
2023-01-01 08:43:00,62.852993342965796,low,0
2023-01-01 08:44:00,56.18370421728741,low,0
2023-01-01 08:45:00,50.9755894966774,low,0
2023-01-01 08:46:00,51.862287810584185,medium,0
2023-01-01 08:47:00,60.24042473330691,medium,0
2023-01-01 08:48:00,61.29861250860741,medium,0
2023-01-01 08:49:00,55.47841687447796,medium,0
2023-01-01 08:50:00,63.19296229388687,low,0
2023-01-01 08:51:00,51.6923996886552,high,0
2023-01-01 08:52:00,59.669601006763415,medium,0
2023-01-01 08:53:00,53.94491900118771,low,0
2023-01-01 08:54:00,56.7408194609892,high,0
2023-01-01 08:55:00,60.23699335658207,medium,0
2023-01-01 08:56:00,55.69793317358024,medium,0
2023-01-01 08:57:00,58.077222278850876,medium,0
2023-01-01 08:58:00,65.0314640460722,high,0
2023-01-01 08:59:00,57.115540652384254,medium,0
2023-01-01 09:00:00,64.1784605603257,low,0
2023-01-01 09:01:00,54.35146572671191,low,0
2023-01-01 09:02:00,62.64902088957641,high,0
2023-01-01 09:03:00,67.2078431032895,low,0
2023-01-01 09:04:00,47.641777499363556,low,0
2023-01-01 09:05:00,56.015523722647615,low,0
2023-01-01 09:06:00,62.8853606359027,low,0
2023-01-01 09:07:00,58.984773069785035,medium,0
2023-01-01 09:08:00,61.85572936685654,high,0
2023-01-01 09:09:00,56.9800740664209,low,0
2023-01-01 09:10:00,60.4329489373645,low,0
2023-01-01 09:11:00,59.221613823039604,low,0
2023-01-01 09:12:00,65.83891030829903,high,0
2023-01-01 09:13:00,61.272104216506065,medium,0
2023-01-01 09:14:00,61.68801331037601,low,0
2023-01-01 09:15:00,57.94061516938766,high,0
2023-01-01 09:16:00,57.56196887963753,high,0
2023-01-01 09:17:00,57.8372090609019,high,0
2023-01-01 09:18:00,61.97226071189149,high,0
2023-01-01 09:19:00,57.895077595898684,low,0
2023-01-01 09:20:00,61.448874284482066,medium,0
2023-01-01 09:21:00,70.37700399322719,low,0
2023-01-01 09:22:00,64.35562351715846,high,0
2023-01-01 09:23:00,58.369882339160796,medium,0
2023-01-01 09:24:00,66.00606961081972,medium,0
2023-01-01 09:25:00,57.95962313489224,medium,0
2023-01-01 09:26:00,49.80937732411073,low,0
2023-01-01 09:27:00,54.95956844541298,medium,0
2023-01-01 09:28:00,50.646040394870724,high,0
2023-01-01 09:29:00,58.24243257979346,high,0
2023-01-01 09:30:00,60.09209189594776,low,0
2023-01-01 09:31:00,68.38218656137641,low,0
2023-01-01 09:32:00,61.63463686882081,low,0
2023-01-01 09:33:00,58.90449735595568,medium,0
2023-01-01 09:34:00,64.14702790591744,high,0
2023-01-01 09:35:00,48.944323454960575,low,0
2023-01-01 09:36:00,61.17807279054283,medium,0
2023-01-01 09:37:00,63.85432596943483,high,0
2023-01-01 09:38:00,52.60706877110079,medium,0
2023-01-01 09:39:00,65.71877021603464,medium,0
2023-01-01 09:40:00,61.69248203747207,medium,0
2023-01-01 09:41:00,57.923560430495996,medium,0
2023-01-01 09:42:00,63.163909330531425,low,0
2023-01-01 09:43:00,71.35346428902199,medium,0
2023-01-01 09:44:00,60.90933127529247,medium,0
2023-01-01 09:45:00,61.24110293150168,high,0
2023-01-01 09:46:00,57.70319550229878,medium,0
2023-01-01 09:47:00,55.75077815267604,medium,0
2023-01-01 09:48:00,64.15167908272123,low,0
2023-01-01 09:49:00,55.719580870455665,low,0
2023-01-01 09:50:00,60.35783118609696,low,0
2023-01-01 09:51:00,57.61171276617441,low,0
2023-01-01 09:52:00,62.39489912873196,medium,0
2023-01-01 09:53:00,61.668310526434745,high,0
2023-01-01 09:54:00,65.18769972128949,low,0
2023-01-01 09:55:00,57.44991800572627,low,0
2023-01-01 09:56:00,58.65062532353314,high,0
2023-01-01 09:57:00,55.106181421088465,low,0
2023-01-01 09:58:00,57.778533699619445,medium,0
2023-01-01 09:59:00,61.88650246522426,medium,0
2023-01-01 10:00:00,63.78494308322676,medium,0
2023-01-01 10:01:00,55.389173379111874,low,0
2023-01-01 10:02:00,64.3480296005283,low,0
2023-01-01 10:03:00,66.77818929402476,medium,0
2023-01-01 10:04:00,62.067174516118506,medium,0
2023-01-01 10:05:00,69.38397906279033,low,0
2023-01-01 10:06:00,56.13105400448214,medium,0
2023-01-01 10:07:00,53.776726483442914,low,0
2023-01-01 10:08:00,51.10639875547861,medium,0
2023-01-01 10:09:00,67.48022155744592,low,0
2023-01-01 10:10:00,63.27182828177029,high,0
2023-01-01 10:11:00,59.72207664544772,low,0
2023-01-01 10:12:00,61.3998431315991,low,0
2023-01-01 10:13:00,54.37255476350812,low,0
2023-01-01 10:14:00,72.22875989808414,low,0
2023-01-01 10:15:00,60.64610590987614,high,0
2023-01-01 10:16:00,60.546973973024464,high,0
2023-01-01 10:17:00,63.62883311949346,low,0
2023-01-01 10:18:00,62.40504615868357,low,0
2023-01-01 10:19:00,61.119420121395656,medium,0
2023-01-01 10:20:00,56.04762772277344,high,0
2023-01-01 10:21:00,62.35734178567998,medium,0
2023-01-01 10:22:00,69.41012248237517,low,0
2023-01-01 10:23:00,66.7271002307749,low,0
2023-01-01 10:24:00,67.96593313319698,medium,0
2023-01-01 10:25:00,57.443921617844076,low,0
2023-01-01 10:26:00,55.0519758987071,medium,0
2023-01-01 10:27:00,59.37106539950176,low,0
2023-01-01 10:28:00,60.27862456144347,medium,0
2023-01-01 10:29:00,65.47095759235474,low,0
2023-01-01 10:30:00,51.5376768514259,medium,0
2023-01-01 10:31:00,67.64775159730307,low,0
2023-01-01 10:32:00,59.20996050710505,medium,0
2023-01-01 10:33:00,57.8655946502629,low,0
2023-01-01 10:34:00,54.93947812369916,medium,0
2023-01-01 10:35:00,51.72571664067115,medium,0
2023-01-01 10:36:00,64.11585291980957,medium,0
2023-01-01 10:37:00,60.36658983594202,medium,0
2023-01-01 10:38:00,53.55019550129473,medium,0
2023-01-01 10:39:00,53.52460613968192,high,0
2023-01-01 10:40:00,58.32107650354936,low,0
2023-01-01 10:41:00,68.34510762644696,high,0
2023-01-01 10:42:00,58.702043243181976,low,0
2023-01-01 10:43:00,52.48428523440947,low,0
2023-01-01 10:44:00,58.77128467957028,low,0
2023-01-01 10:45:00,58.63638215126165,low,0
2023-01-01 10:46:00,46.515566785292144,medium,0
2023-01-01 10:47:00,59.72852566741094,medium,0
2023-01-01 10:48:00,58.84532734895661,medium,0
2023-01-01 10:49:00,63.48103182406709,medium,0
2023-01-01 10:50:00,69.24478047472672,low,0
2023-01-01 10:51:00,65.63282514773879,low,0
2023-01-01 10:52:00,58.65555654722585,low,0
2023-01-01 10:53:00,54.46737045629165,low,0
2023-01-01 10:54:00,72.8667990162493,low,0
2023-01-01 10:55:00,60.29609217007244,low,0
2023-01-01 10:56:00,60.06964645956473,medium,0
2023-01-01 10:57:00,59.87937456444998,medium,0
2023-01-01 10:58:00,60.99042380383928,high,0
2023-01-01 10:59:00,59.27819794038029,high,0
2023-01-01 11:00:00,57.13168996559882,medium,0
2023-01-01 11:01:00,57.26570529379804,low,0
2023-01-01 11:02:00,59.83623364892001,medium,0
2023-01-01 11:03:00,57.282876144331176,medium,0
2023-01-01 11:04:00,56.43577108661418,low,0
2023-01-01 11:05:00,60.53215113845948,low,0
2023-01-01 11:06:00,58.72511391289572,high,0
2023-01-01 11:07:00,67.51996494291345,low,0
2023-01-01 11:08:00,46.74515095803494,medium,0
2023-01-01 11:09:00,65.45753425961232,medium,0
2023-01-01 11:10:00,66.23042596248814,low,0
2023-01-01 11:11:00,49.63304883795925,low,0
2023-01-01 11:12:00,58.28656202959826,low,0
2023-01-01 11:13:00,58.142795670021044,low,0
2023-01-01 11:14:00,52.96244152641089,low,0
2023-01-01 11:15:00,56.110916562045624,high,0
2023-01-01 11:16:00,54.44712077267086,low,0
2023-01-01 11:17:00,68.76135221711812,medium,0
2023-01-01 11:18:00,64.6783919657373,low,0
2023-01-01 11:19:00,66.3577754749708,high,0
2023-01-01 11:20:00,63.60836032021618,low,0
2023-01-01 11:21:00,54.354741143913856,low,0
2023-01-01 11:22:00,57.37739866860113,high,0
2023-01-01 11:23:00,62.44687280613959,high,0
2023-01-01 11:24:00,53.88936095554027,low,0
2023-01-01 11:25:00,63.56499215086194,high,0
2023-01-01 11:26:00,58.79837300920933,low,0
2023-01-01 11:27:00,58.12589596225201,low,0
2023-01-01 11:28:00,63.554799841017456,low,0
2023-01-01 11:29:00,62.2213165574302,low,0
2023-01-01 11:30:00,58.1951691709046,medium,0
2023-01-01 11:31:00,65.79664901682123,low,0
2023-01-01 11:32:00,54.59468336200051,low,0
2023-01-01 11:33:00,63.07967803472132,medium,0
2023-01-01 11:34:00,62.96550628984192,medium,0
2023-01-01 11:35:00,58.45226780343005,low,0
2023-01-01 11:36:00,61.63066511121059,medium,0
2023-01-01 11:37:00,53.74443211807348,low,0
2023-01-01 11:38:00,64.6201350960345,medium,0
2023-01-01 11:39:00,59.075489317785056,medium,0
2023-01-01 11:40:00,57.3863848974048,high,0
2023-01-01 11:41:00,65.24504612918444,low,0
2023-01-01 11:42:00,56.4782815472862,low,0
2023-01-01 11:43:00,52.957693518182204,low,0
2023-01-01 11:44:00,52.21685413238048,low,0
2023-01-01 11:45:00,63.0300497567282,low,0
2023-01-01 11:46:00,53.597853237518585,high,0
2023-01-01 11:47:00,68.77397090992183,low,0
2023-01-01 11:48:00,49.59035296058139,low,0
2023-01-01 11:49:00,68.48228184145019,medium,0
2023-01-01 11:50:00,61.055087336013095,low,0
2023-01-01 11:51:00,59.51643444064804,medium,0
2023-01-01 11:52:00,57.27540456595525,low,0
2023-01-01 11:53:00,61.99568057176035,low,0
2023-01-01 11:54:00,59.811826487875756,low,0
2023-01-01 11:55:00,65.5165094100826,low,0
2023-01-01 11:56:00,60.5711382433102,high,0
2023-01-01 11:57:00,60.751508807309385,low,0
2023-01-01 11:58:00,58.18193893893072,medium,0
2023-01-01 11:59:00,59.71527188139466,low,0
2023-01-01 12:00:00,61.5390088444603,low,0
2023-01-01 12:01:00,51.449158036716874,high,0
2023-01-01 12:02:00,53.25907288947143,low,0
2023-01-01 12:03:00,63.71632047011357,medium,0
2023-01-01 12:04:00,60.85432719063971,high,0
2023-01-01 12:05:00,59.0800833182366,medium,0
2023-01-01 12:06:00,60.09216966532696,high,0
2023-01-01 12:07:00,61.737908526808354,low,0
2023-01-01 12:08:00,57.30120159845319,low,0
2023-01-01 12:09:00,56.108476372988434,low,0
2023-01-01 12:10:00,60.97922627548841,medium,0
2023-01-01 12:11:00,55.10813611192484,high,0
2023-01-01 12:12:00,62.04126377857236,low,0
2023-01-01 12:13:00,51.4870819788108,medium,0
2023-01-01 12:14:00,65.14577818662822,low,0
2023-01-01 12:15:00,62.362987412065216,medium,0
2023-01-01 12:16:00,61.28014867156938,low,0
2023-01-01 12:17:00,64.91345491972757,high,0
2023-01-01 12:18:00,68.32737222231289,medium,0
2023-01-01 12:19:00,65.07185032509065,low,0
2023-01-01 12:20:00,50.795628843341774,low,0
2023-01-01 12:21:00,53.60211516632149,low,0
2023-01-01 12:22:00,56.875907111521606,low,0
2023-01-01 12:23:00,60.130455251054165,low,0
2023-01-01 12:24:00,62.58829510234561,high,0
2023-01-01 12:25:00,56.37128093423267,medium,0
2023-01-01 12:26:00,60.93383382238539,medium,0
2023-01-01 12:27:00,56.22308533823339,low,0
2023-01-01 12:28:00,56.94241098504026,high,0
2023-01-01 12:29:00,52.96669451575889,medium,0
2023-01-01 12:30:00,55.38383376944548,low,0
2023-01-01 12:31:00,53.241576971918334,medium,0
2023-01-01 12:32:00,55.12063373511334,medium,0
2023-01-01 12:33:00,65.2682089830392,low,0
2023-01-01 12:34:00,55.25300555584028,low,0
2023-01-01 12:35:00,73.16191032418695,low,0
2023-01-01 12:36:00,62.466589504404446,low,0
2023-01-01 12:37:00,60.92418061847437,high,0
2023-01-01 12:38:00,55.70821109909393,high,0
2023-01-01 12:39:00,63.501549397044954,medium,0
2023-01-01 12:40:00,57.12181086881113,low,0
2023-01-01 12:41:00,60.610049073226804,low,0
2023-01-01 12:42:00,72.80042269134397,medium,0
2023-01-01 12:43:00,59.519700501376754,medium,0
2023-01-01 12:44:00,65.74636663142837,low,0
2023-01-01 12:45:00,56.48411787437056,medium,0
2023-01-01 12:46:00,59.82505754751519,high,0
2023-01-01 12:47:00,68.85400317817755,low,0
2023-01-01 12:48:00,56.86516471106116,low,0
2023-01-01 12:49:00,69.06224278998465,medium,0
2023-01-01 12:50:00,63.538759677277376,low,0
2023-01-01 12:51:00,57.18766612052866,low,0
2023-01-01 12:52:00,63.1620386952776,low,0
2023-01-01 12:53:00,64.86277224813365,low,0
2023-01-01 12:54:00,63.10904981108598,medium,0
2023-01-01 12:55:00,52.14887640054772,medium,0
2023-01-01 12:56:00,56.364314120875655,low,0
2023-01-01 12:57:00,58.762406822242475,high,0
2023-01-01 12:58:00,59.62783285449977,high,0
2023-01-01 12:59:00,63.10336048775339,high,0
2023-01-01 13:00:00,60.88850500466627,low,0
2023-01-01 13:01:00,53.323278206449494,low,0
2023-01-01 13:02:00,61.90098925502981,high,0
2023-01-01 13:03:00,63.05292872641912,medium,0
2023-01-01 13:04:00,62.7989522396552,low,0
2023-01-01 13:05:00,65.4039036277731,low,0
2023-01-01 13:06:00,64.16961077274452,low,0
2023-01-01 13:07:00,62.29590039614219,high,0
2023-01-01 13:08:00,59.649171442706766,medium,0
2023-01-01 13:09:00,51.69519533242004,low,0
2023-01-01 13:10:00,62.14809109566293,low,0
2023-01-01 13:11:00,61.03843843581556,medium,0
2023-01-01 13:12:00,61.35789418597687,high,0
2023-01-01 13:13:00,53.61625712089845,low,0
2023-01-01 13:14:00,54.59471729795869,medium,0
2023-01-01 13:15:00,65.26576426666452,high,0
2023-01-01 13:16:00,59.802224230716725,low,0
2023-01-01 13:17:00,63.40750348686312,medium,0
2023-01-01 13:18:00,60.14159188065231,low,0
2023-01-01 13:19:00,60.14878069747873,medium,0
2023-01-01 13:20:00,64.69141902988,medium,0
2023-01-01 13:21:00,57.41977635891313,medium,0
2023-01-01 13:22:00,60.48060388470492,medium,0
2023-01-01 13:23:00,57.68862355647479,low,0
2023-01-01 13:24:00,57.827518862838424,high,0
2023-01-01 13:25:00,58.454139382656805,medium,0
2023-01-01 13:26:00,61.110668858168566,low,0
2023-01-01 13:27:00,57.60625689168261,medium,0
2023-01-01 13:28:00,66.2787806278676,medium,0
2023-01-01 13:29:00,55.52696348890248,low,0
2023-01-01 13:30:00,59.06564177919321,high,0
2023-01-01 13:31:00,57.801344708629124,high,0
2023-01-01 13:32:00,67.23488942176867,low,0
2023-01-01 13:33:00,60.98277388255787,high,0
2023-01-01 13:34:00,65.15922269734317,low,0
2023-01-01 13:35:00,52.57219813481514,low,0
2023-01-01 13:36:00,61.33525132934629,low,0
2023-01-01 13:37:00,64.44815397811719,high,0
2023-01-01 13:38:00,60.41141994637712,medium,0
2023-01-01 13:39:00,65.32740187532676,low,0
2023-01-01 13:40:00,57.41355774949814,low,0
2023-01-01 13:41:00,67.0467372009279,medium,0
2023-01-01 13:42:00,71.49449061809625,low,0
2023-01-01 13:43:00,58.18580719780171,high,0
2023-01-01 13:44:00,57.77248739299614,high,0
2023-01-01 13:45:00,67.2669223855885,medium,0
2023-01-01 13:46:00,67.89786072865357,high,0
2023-01-01 13:47:00,57.38569986423366,low,0
2023-01-01 13:48:00,57.89906591452071,high,0
2023-01-01 13:49:00,58.59107695569747,medium,0
2023-01-01 13:50:00,53.27774744482861,medium,0
2023-01-01 13:51:00,55.40674026757901,low,0
2023-01-01 13:52:00,54.97929616623966,high,0
2023-01-01 13:53:00,56.16101217447936,low,0
2023-01-01 13:54:00,59.82657556306609,low,0
2023-01-01 13:55:00,61.1710736626826,low,0
2023-01-01 13:56:00,67.75250246407039,medium,0
2023-01-01 13:57:00,55.00822979630605,medium,0
2023-01-01 13:58:00,64.92161199238292,medium,0
2023-01-01 13:59:00,58.93005577887246,high,0
2023-01-01 14:00:00,59.752681451737836,low,0
2023-01-01 14:01:00,63.37409746083302,medium,0
2023-01-01 14:02:00,54.386389892188504,low,0
2023-01-01 14:03:00,61.912048730920255,high,0
2023-01-01 14:04:00,60.83226104106528,high,0
2023-01-01 14:05:00,62.462256320040744,medium,0
2023-01-01 14:06:00,61.44584321953909,medium,0
2023-01-01 14:07:00,72.27650069955448,low,0
2023-01-01 14:08:00,56.81130007874342,low,0
2023-01-01 14:09:00,57.34501522499091,high,0
2023-01-01 14:10:00,56.88429736787618,low,0
2023-01-01 14:11:00,57.22261440419873,low,0
2023-01-01 14:12:00,56.81306436346741,low,0
2023-01-01 14:13:00,65.94508265553776,high,0
2023-01-01 14:14:00,67.10252123994927,low,0
2023-01-01 14:15:00,57.146268531252616,low,0
2023-01-01 14:16:00,55.838222134478855,medium,0
2023-01-01 14:17:00,62.35707778193202,high,0
2023-01-01 14:18:00,57.23888477859514,low,0
2023-01-01 14:19:00,63.164659088777555,low,0
2023-01-01 14:20:00,61.0146151042565,low,0
2023-01-01 14:21:00,52.42127942501384,low,0
2023-01-01 14:22:00,67.73752600665031,low,0
2023-01-01 14:23:00,68.9793883654776,medium,0
2023-01-01 14:24:00,56.93605654757807,medium,0
2023-01-01 14:25:00,58.06149220032008,medium,0
2023-01-01 14:26:00,61.429326953624525,low,0
2023-01-01 14:27:00,61.67228394993513,high,0
2023-01-01 14:28:00,63.29272136336415,low,0
2023-01-01 14:29:00,70.05102269383175,high,1
2023-01-01 14:30:00,59.11526386252975,medium,0
2023-01-01 14:31:00,56.00851377730773,low,0
2023-01-01 14:32:00,53.10340385992736,medium,0
2023-01-01 14:33:00,56.34534980029041,low,0
2023-01-01 14:34:00,59.83436513563102,medium,0
2023-01-01 14:35:00,68.97278931758893,low,0
2023-01-01 14:36:00,57.41194350481914,low,0
2023-01-01 14:37:00,61.11893975819449,high,0
2023-01-01 14:38:00,59.917885519636236,low,0
2023-01-01 14:39:00,65.94196636724043,high,0
2023-01-01 14:40:00,72.63466212936811,low,0
2023-01-01 14:41:00,57.3456561353984,medium,0
2023-01-01 14:42:00,57.552802787408886,medium,0
2023-01-01 14:43:00,65.22080438534536,medium,0
2023-01-01 14:44:00,63.409457448131555,low,0
2023-01-01 14:45:00,69.23353662868017,low,0
2023-01-01 14:46:00,62.91964092662982,low,0
2023-01-01 14:47:00,58.203539546064704,low,0
2023-01-01 14:48:00,62.95327415346155,medium,0
2023-01-01 14:49:00,65.54351790291454,high,0
2023-01-01 14:50:00,64.10241090598682,high,0
2023-01-01 14:51:00,62.53637015553649,medium,0
2023-01-01 14:52:00,65.33337344794577,medium,0
2023-01-01 14:53:00,65.84647795222837,medium,0
2023-01-01 14:54:00,66.91079495518764,low,0
2023-01-01 14:55:00,63.24354943794821,high,0
2023-01-01 14:56:00,59.16440959841573,medium,0
2023-01-01 14:57:00,60.733568432166614,medium,0
2023-01-01 14:58:00,66.03254483254179,low,0
2023-01-01 14:59:00,55.91532164506382,low,0
2023-01-01 15:00:00,61.84336654436451,low,0
2023-01-01 15:01:00,58.0333059383632,high,0
2023-01-01 15:02:00,60.143724114674086,medium,0
2023-01-01 15:03:00,66.39225931303649,low,0
2023-01-01 15:04:00,60.95549534009952,high,0
2023-01-01 15:05:00,60.23218274078074,low,0
2023-01-01 15:06:00,53.200719295100406,low,0
2023-01-01 15:07:00,63.731267830136105,low,0
2023-01-01 15:08:00,63.22742090570538,medium,0
2023-01-01 15:09:00,70.8162736165273,high,1
2023-01-01 15:10:00,58.461108825234994,low,0
2023-01-01 15:11:00,61.0957516383197,high,0
2023-01-01 15:12:00,61.246918418553776,low,0
2023-01-01 15:13:00,67.88726639881737,high,0
2023-01-01 15:14:00,59.52352233806524,medium,0
2023-01-01 15:15:00,61.3951076288517,high,0
2023-01-01 15:16:00,63.0394825485827,low,0
2023-01-01 15:17:00,60.93304561578179,high,0
2023-01-01 15:18:00,57.76783192724736,medium,0
2023-01-01 15:19:00,60.970449964491536,low,0
2023-01-01 15:20:00,65.36815874929886,high,0
2023-01-01 15:21:00,54.867423502944696,low,0
2023-01-01 15:22:00,60.66484837073438,high,0
2023-01-01 15:23:00,56.499395925304135,low,0
2023-01-01 15:24:00,65.97523314462421,medium,0
2023-01-01 15:25:00,52.384065476081126,medium,0
2023-01-01 15:26:00,57.20539076364206,low,0
2023-01-01 15:27:00,61.8860593753226,low,0
2023-01-01 15:28:00,67.8276201461717,low,0
2023-01-01 15:29:00,59.67124869463506,low,0
2023-01-01 15:30:00,57.22400236653401,low,0
2023-01-01 15:31:00,69.40578534720295,medium,0
2023-01-01 15:32:00,52.75993049791878,low,0
2023-01-01 15:33:00,49.00597021689959,low,0
2023-01-01 15:34:00,62.200072250266665,medium,0
2023-01-01 15:35:00,57.489728878236946,low,0
2023-01-01 15:36:00,54.89383591434643,high,0
2023-01-01 15:37:00,63.541782236496765,high,0
2023-01-01 15:38:00,61.219003568855996,medium,0
2023-01-01 15:39:00,57.17960684631636,medium,0
2023-01-01 15:40:00,53.59847800664553,high,0
2023-01-01 15:41:00,64.36228664140073,low,0
2023-01-01 15:42:00,63.251005889793305,low,0
2023-01-01 15:43:00,59.50412068110309,low,0
2023-01-01 15:44:00,69.23318498023833,medium,0
2023-01-01 15:45:00,54.64957616836924,low,0
2023-01-01 15:46:00,52.372374145376305,medium,0
2023-01-01 15:47:00,56.540459650593775,high,0
2023-01-01 15:48:00,59.77206991822251,high,0
2023-01-01 15:49:00,61.21669724661346,medium,0
2023-01-01 15:50:00,58.79381971071835,low,0
2023-01-01 15:51:00,61.76027698257148,high,0
2023-01-01 15:52:00,53.74230287904778,medium,0
2023-01-01 15:53:00,67.2188230203663,low,0
2023-01-01 15:54:00,59.58924410803716,low,0
2023-01-01 15:55:00,65.58647915794064,high,0
2023-01-01 15:56:00,61.71362673188852,medium,0
2023-01-01 15:57:00,62.28376609576892,high,0
2023-01-01 15:58:00,62.84883640116102,high,0
2023-01-01 15:59:00,62.23854280008658,medium,0
2023-01-01 16:00:00,63.21361379933772,medium,0
2023-01-01 16:01:00,66.64576265066216,low,0
2023-01-01 16:02:00,60.98260584850735,low,0
2023-01-01 16:03:00,63.54501878794256,low,0
2023-01-01 16:04:00,59.55132152856387,medium,0
2023-01-01 16:05:00,67.20058607724737,medium,0
2023-01-01 16:06:00,56.61803848970365,high,0
2023-01-01 16:07:00,69.00470216455408,low,0
2023-01-01 16:08:00,59.79921024677828,medium,0
2023-01-01 16:09:00,52.84612448940976,medium,0
2023-01-01 16:10:00,60.64052207455395,medium,0
2023-01-01 16:11:00,56.5947417126256,medium,0
2023-01-01 16:12:00,64.20321774494361,low,0
2023-01-01 16:13:00,56.73688010348805,medium,0
2023-01-01 16:14:00,57.7690828339261,low,0
2023-01-01 16:15:00,50.552296345272346,low,0
2023-01-01 16:16:00,57.73846840375462,low,0
2023-01-01 16:17:00,47.88060336685522,medium,0
2023-01-01 16:18:00,52.08048588257138,high,0
2023-01-01 16:19:00,63.80207328072149,medium,0
2023-01-01 16:20:00,63.92900079325416,medium,0
2023-01-01 16:21:00,62.12728780892483,medium,0
2023-01-01 16:22:00,55.165119284353935,medium,0
2023-01-01 16:23:00,59.7614432192901,low,0
2023-01-01 16:24:00,59.98198730454716,low,0
2023-01-01 16:25:00,54.20817655403729,low,0
2023-01-01 16:26:00,67.51699150883576,low,0
2023-01-01 16:27:00,64.38681145287836,low,0
2023-01-01 16:28:00,58.89517913085168,low,0
2023-01-01 16:29:00,60.134429194972654,low,0
2023-01-01 16:30:00,61.04191403973776,high,0
2023-01-01 16:31:00,49.791325657878545,low,0
2023-01-01 16:32:00,58.764113087397014,low,0
2023-01-01 16:33:00,56.59007876001101,low,0
2023-01-01 16:34:00,54.99189995052542,medium,0
2023-01-01 16:35:00,58.594498535570224,low,0
2023-01-01 16:36:00,68.98843263424762,low,0
2023-01-01 16:37:00,63.20421430633505,medium,0
2023-01-01 16:38:00,57.144105051086015,low,0
2023-01-01 16:39:00,62.86291390678079,low,0
